{
  "recall": 0.8342245989304813,
  "roc_auc": 0.8689400397840294
}